,,,,,,,,,,,,,,,,,,,,,
NO.,ANIME TITLE,TYPE,SOURCE,STUDIOS,PREMIERED (SEASON YEAR),RELEASE DATE (BEGIN),RELEASE DATE (END),RELEASE DATE,EPISODE COUNT,DURATION (PER EPISODE),GENRE,DEMOGRAPHIC,WATCH STATUS,PROGRESS,PERSONAL RATING,LEGALLY or ILLEGALLY,PLATFORM,DESCRIPTION,OPENING SONG,ENDING SONG,ANIME TOTAL
1,Aharen-san wa Hakarenai,,,,,"Apr 2, 2022","Jun 18, 2022","Apr 2, 2022  -  Jun 18, 2022",12,,"Comedy, Romance",,Complete (2x),âœ…,,Legally,Bstation,,âœ…,âœ…,422
2,Aharen-san wa Hakarenai (S2),,,,,"Apr 7, 2025","Jun 23, 2025","Apr 7, 2025  -  Jun 23, 2025",12,,"Comedy, Romance",,Watching,Eps. 05,,Legally,Bstation,,,,
3,Ahiru no Sora,,,,,"Oct 2, 2019","Sep 30, 2020","Oct 2, 2019  -  Sep 30, 2020",50,,Sports,,Watching,Eps. 08,,,,,,,Completed
4,Aho Girl (S1),,,,,"Jul 4, 2017","Sep 19, 2017","Jul 4, 2017  -  Sep 19, 2017",12,,Comedy,,Complete,âœ…,,,,,,,255
5,Aho Girl (S2),,,,,-,,-,,,Comedy,,Complete,âœ…,,,,,,,
6,Akame Ga Kill!,,,,,"Jul 7, 2014","Dec 15, 2014","Jul 7, 2014  -  Dec 15, 2014",24,,"Action, Fantasy, Gore",,Complete,âœ…,,,,,,,Plan to Watch
7,Akuyaku Reijou Tensei Ojisan (From Bureaucrat to Villainess: Dad's Been Reincarnated!),,,,,"Jan 10, 2025","Mar 28, 2025","Jan 10, 2025  -  Mar 28, 2025",12,,"Comedy, Fantasy, Isekai, School",,Complete,âœ…,,Illegally,,,,,93
8,Ame to Kimi to (With You and the Rain),,,,,"Jul 6, 2025",On going,"Jul 6, 2025  -  On going",12,,Slice of Life,,Watching,Eps. 01,,Illegally,Otakudesu,,,,
9,Angel Beats,,,,,"Apr 3, 2010","Jun 26, 2010","Apr 3, 2010  -  Jun 26, 2010",13,,"Drama, Fantasy, School",,Complete,âœ…,,,,,,,Currently Watching
10,Ani Ni Tsukeru Kusuri wa Nai!,,,,,"Apr 7, 2017","Jun 23, 2017","Apr 7, 2017  -  Jun 23, 2017",12,,"Comedy, School",,Complete,âœ…,,,,,,,64
11,Ano Hi Mita Hana no Namae wo Bokutachi wa Mada Shiranai. (Anohana: The Flower We Saw That Day),,,,,"Apr 15, 2011","Jun 24, 2011","Apr 15, 2011  -  Jun 24, 2011",11,,"Drama, Supernatural",,Complete,âœ…,,,,,,,
12,Ansatsu Kyoushitsu (S1),,,,,"Jan 10, 2015","Jun 20, 2015","Jan 10, 2015  -  Jun 20, 2015",22,,"Action, Comedy, School",,Complete (2x),âœ…,,Legally,Youtube (Muse Indonesia),,,,Dropped
13,Ansatsu Kyoushitsu (S2),,,,,"Jan 8, 2016","Jul 1, 2016","Jan 8, 2016  -  Jul 1, 2016",25,,"Action, Comedy, School",,Complete (2x),âœ…,,Legally,Youtube (Muse Indonesia),,,,2
14,Ao no Exorcist (S1),,,,,"Apr 17, 2011","Oct 2, 2011","Apr 17, 2011  -  Oct 2, 2011",25,,"Action, Supernatural, School",,Watch Later,ğŸ”„,,,,,,,
15,Apocalypse Hotel,,,,,"Apr 9, 2025","Jun 25, 2025","Apr 9, 2025  -  Jun 25, 2025",12,,Sci-Fi,,Complete,âœ…,,Illegally,Otakudesu,,,,
16,Around 40 Otoko no Isekai Tsuuhan,,,,,"Jan 9, 2025","Apr 3, 2025","Jan 9, 2025  -  Apr 3, 2025",13,,,,Watching,Eps. 03,,Illegally,Otakudesu,,,,
17,Asobi Asobase (Asobi Asobase - workshop of fun -),,,,,"Jul 8, 2018","Sep 23, 2018","Jul 8, 2018  -  Sep 23, 2018",12,,"Fantasy, Harem, Isekai",,Watch Later,ğŸ”„,,Legally,Bstation,,,,
18,Avatar: The Legend of Aang,,,,,"Feb 21, 2005","Jul 19, 2008","Feb 21, 2005  -  Jul 19, 2008",61 (3 Seasons),,"Comedy, School",,Complete (2x),âœ…,,Illegally,Kusonime,,,,
19,Avatar: The Legend of Korra,,,,,"Apr 14, 2012","Jul 25, 2014","Apr 14, 2012  -  Jul 25, 2014",52 (4 Seasons),,"Adventure, Comedy, Fantasy, Drama, Action",,Complete,âœ…,,Illegally,Kusonime,,,,
20,B The Beginning,,,,,,,,,,"Action, Drama, Fantasy, Comedy, Adventure",,Watch Later,ğŸ”„,,,,,,,
21,Back Street Girls: Gokudolls (Back Street Girls: Gokudols),,,,,"Jul 4, 2018","Sep 5, 2018","Jul 4, 2018  -  Sep 5, 2018",10,,"Comedy, Ecchi",,Watch Later,ğŸ”„,,Illegally,Kusonime,,,,
22,Bad Girl,,,,,"Jul 6, 2025",On going,"Jul 6, 2025  -  On going",12,,,,Watching,Eps. 02,,Illegally,Otakudesu,,,,
23,Baka to Test to Shoukanjuu (S1),,,,,"Jan 7, 2010","Apr 1, 2010","Jan 7, 2010  -  Apr 1, 2010",13,,"Comedy, School",,Complete,âœ…,,,,,,,
24,Baka to Test to Shoukanjuu (S2),,,,,"Jul 8, 2011","Sep 30, 2011","Jul 8, 2011  -  Sep 30, 2011",13,,"Comedy, Romance, School",,Complete,âœ…,,,,,,,
25,Bakemonogatari,,,,,"Jul 3, 2009","Jun 25, 2010","Jul 3, 2009  -  Jun 25, 2010",15,,"Comedy, Romance, School",,Watching,Eps. 10,,,,,,,
26,Beelzebub,,,,,"Jan 9, 2011","Mar 25, 2012","Jan 9, 2011  -  Mar 25, 2012",60,,Mystery,,Complete,âœ…,,,,,,,
27,Black Bullet,,,,,"Apr 8, 2014","Jul 1, 2014","Apr 8, 2014  -  Jul 1, 2014",13,,"Action, Comedy, Supernatural, School",,Watch Later,ğŸ”„,,,,,,,
28,Black Clover,,,,,"Oct 3, 2017","Mar 30, 2021","Oct 3, 2017  -  Mar 30, 2021",170,,"Action, Mystery, Sci-Fi",,Watching,Eps. 110,,,,,,,
29,Bleach,,,,,"Oct 5, 2004","Mar 27, 2012","Oct 5, 2004  -  Mar 27, 2012",366,,"Action, Fantasy, Super Power",,Watching,Eps. 93,,Legally,Bstation,,,,
30,Blend S,,,,,"Oct 8, 2017","Dec 24, 2017","Oct 8, 2017  -  Dec 24, 2017",12,,"Action, Supernatural, Adventure, Super Power",,Complete,âœ…,,Illegally,,,,,
31,Blue Lock,,,,,"Oct 9, 2022","Mar 26, 2023","Oct 9, 2022  -  Mar 26, 2023",24,,Comedy,,Complete,âœ…,,Legally,Bstation,,,,
32,Boku dake ga Inai Machi (Erased),TV,Manga,A-1 Pictures,Winter 2016,"Jan 8, 2016","Mar 25, 2016","Jan 8, 2016  -  Mar 25, 2016",12,23 min.,"Mystery, Suspense, Psychological, Time Travel",Seinen,Complete,âœ…,8,Illegally,Kusonime,,,,
33,Boku no Hero Academia (S1) + OVA (1 Eps),,,,,"Apr 3, 2016","Jun 26, 2016","Apr 3, 2016  -  Jun 26, 2016",13,,Sports,,Complete (2x),âœ…,,Legally,iQIYI,,,,
34,Boku no Hero Academia (S2) + OVA (1 Eps),,,,,"Apr 1, 2017","Sep 30, 2017","Apr 1, 2017  -  Sep 30, 2017",25,,"Action, Super Power",,Complete (2x),âœ…,,Legally,iQIYI,,,,
35,Boku no Hero Academia (S3) + ONA (2 Eps),,,,,"Apr 7, 2018","Sep 29, 2018","Apr 7, 2018  -  Sep 29, 2018",25,,"Action, Super Power",,Complete (2x),âœ…,,Legally,iQIYI,,,,
36,Boku no Hero Academia (S4),,,,,"Oct 12, 2019","Apr 4, 2020","Oct 12, 2019  -  Apr 4, 2020",25,,"Action, Super Power",,Complete (2x),âœ…,,Legally,iQIYI,,,,
37,Boku no Hero Academia (S5),,,,,"Mar 27, 2021","Sep 25, 2021","Mar 27, 2021  -  Sep 25, 2021",25,,"Action, Super Power",,Complete (2x),âœ…,,Legally,iQIYI,,,,
38,Boku no Hero Academia (S6),,,,,"Oct 1, 2022","Mar 25, 2023","Oct 1, 2022  -  Mar 25, 2023",25,,"Action, Super Power",,Complete,âœ…,,Legally,iQIYI,,,,
39,Boku no Hero Academia (S7),,,,,"May 4, 2024","Oct 12, 2024","May 4, 2024  -  Oct 12, 2024",21,,"Action, Super Power",,Complete,âœ…,,Legally,Bstation,,,,
40,Boku no Hero Academia The Movie : World Heroes' Mission,,,,,,,,,,"Action, Super Power",,Complete,âœ…,,,,,,,
41,Boku no Hero Academia The Movie 1 : Futari no Hero (Two Heroes),,,,,"Aug 3, 2018",,"Aug 3, 2018",1,,"Action, Super Power",,Complete,âœ…,,,,,,,
42,Boku no Hero Academia The Movie 2 : Heroes Rising,,,,,,,,,,"Action, Super Power",,Complete,âœ…,,,,,,,
43,Boku no Hero Academia: Vigilantes,,,,,"Jul 19, 2025",,"Jul 19, 2025",,,"Action, Super Power",,Watching,Eps. 02,,Legally,Bstation,,,,
44,Bokutachi wa Benkyou ga Dekinai (S1),,,,,,,,,,"Action, Super Power",,Complete,âœ…,,,,,,,
45,Bokutachi wa Benkyou ga Dekinai (S2),,,,,,,,,,,,Complete,âœ…,,,,,,,
46,Bungou Stray Dogs (S1),,,,,,,,,,,,Watch Later,ğŸ”„,,,,,,,
47,Bungou Stray Dogs (S2),,,,,,,,,,,,Watch Later,ğŸ”„,,,,,,,
48,Bungou Stray Dogs (S3),,,,,,,,,,,,Watch Later,ğŸ”„,,,,,,,
49,"Busamen Gachi Fighter (Uglymug, Epicfighter)",,,,,,,,,,,,Watching,Eps. 10,,Legally,Bstation,,,,
50,Chainsaw Man,,,,,,,,,,,,Complete,âœ…,,Legally,Bstation,,,,
51,Chi. Chikyuu no Undou ni Tsuite (Orb: On the Movements of the Earth),,,,,,,,,,,,Watch Later,ğŸ”„,,Illegally,Samehadaku,,,,
52,"Chichi wa Eiyuu, Haha wa Seirei, Musume no Watashi wa Tenseisha.",,,,,"Oct 5, 2025",,"Oct 5, 2025",12,,,,Watching,Eps. 05,,Illegally,Samehadaku,,,,
53,City The Animation,,,,,"Jul 7, 2025",On going,"Jul 7, 2025  -  On going",13,,"Fantasy, Isekai",,Watching,Eps. 01,,Illegally,Otakudesu,,,,
54,Class no Daikirai na Joshi to Kekkon suru Koto ni Natta (I'm Getting Married to a Girl I Hate in My Class),,,,,,,,,,Comedy,,Complete,âœ…,,Legally,Bstation,,,,
55,Clevatess: Majuu no Ou to Akago to Shikabane no Yuusha,,,,,,,,,,,,Watching,Eps. 02,,Legally,Bstation,,,,
56,Cuticle Tantei Inaba,,,,,,,,,,,,Watch Later,ğŸ”„,,Illegally,Kusonime,,,,
57,Dandadan (S1),,,,,"Oct 4, 2024","Dec 20, 2024","Oct 4, 2024  -  Dec 20, 2024",12,,,,Complete,âœ…,,Legally,Bstation,,,,
58,Dandadan (S2),,,,,"Jul 4, 2025","Sep 19, 2025","Jul 4, 2025  -  Sep 19, 2025",12,,"Action, Comedy, Supernatural",,Complete,Eps. 11,,Legally,Bstation,,,,
59,"Danjo no Yuujou wa Seiritsu suru? (Iya, Shinai!!) (Can a Boy-Girl Friendship Survive?)",,,,,"Apr 4, 2025","Jun 20, 2025","Apr 4, 2025  -  Jun 20, 2025",12,,"Action, Comedy, Supernatural",,Watch Later,ğŸ”„,,Legally,Bstation,,,,
60,Danshi Koukousei no Nichijou (Daily Lives of High School Boys),,,,,"Jan 10, 2012","Mar 27, 2012","Jan 10, 2012  -  Mar 27, 2012",12,,"Comedy, School",,Watch Later,ğŸ”„,,Illegally,Kusonime,,,,
61,Danshi Koukousei no Nichijou Specials (Daily Lives of High School Boys Specials),,,,,"Apr 3, 2012","Sep 4, 2012","Apr 3, 2012  -  Sep 4, 2012",6,,"Comedy, School",,Watching,ğŸŸ£,,Illegally,Kusonime,,,,
62,Dead Mount Death Play (S1),,,,,"Apr 11, 2023","Jun 27, 2023","Apr 11, 2023  -  Jun 27, 2023",12,,"Comedy, Romance, School",,Complete,âœ…,,Legally,Bstation,,,,
63,Deadman Wonderland,,,,,,,,,,"Action, Fantasy",,Watching,Eps. 06,,,,,,,
64,Deatte 5-byou de Battle (S1),,,,,,,,,,,,Complete,âœ…,,,,,,,
65,Devil May Cry (Netflix),,,,,"Apr 3, 2025",,"Apr 3, 2025",8,,,,Complete,âœ…,,Illegally,Kusonime,,,,
66,Domestic na Kanojo,,,,,,,,,,Action,,Complete,âœ…,,,,,,,
67,Dosanko Gal wa Namara Menkoi (Hokkaido Gals Are Super Adorable!),,,,,"Jan 9, 2024","Mar 26, 2024","Jan 9, 2024  -  Mar 26, 2024",12,,"Comedy, Romance",,Watch Later,ğŸ”„,,Illegally,,,,,
68,Dounika Naru Hibi,,,,,"Oct 23, 2020",,"Oct 23, 2020",1,,,,Complete,âœ…,,Illegally,Kusonime,,,,
69,Dr. Stone (S1),,,,,,,,,,Romance,,Complete,âœ…,,Legally,Bstation,,,,
70,Dr. Stone (S2),,,,,,,,,,,,Complete,âœ…,,Legally,Bstation,,,,
71,Dr. Stone (S3),,,,,,,,,,,,Watch Later,ğŸ”„,,,Bstation,,,,
72,Dr. Stone: Ryusui,,,,,,,,,,,,Complete,âœ…,,,Bstation,,,,
73,Dragon Ball,,,,,,,,,,,,Watching,Eps. 65,,Legally,Bstation,,,,
74,Dungeon Meshi (Delicious in Dungeon),,,,,,,,,,,,Watch Later,ğŸ”„,,Illegally,Otakudesu,,,,
75,Fairy Tail,,,,,,,,,,,,Watching,Eps. 278-301,,Legally,Youtube (Muse Indonesia),,,,
76,Fate Series (00): Fate/stay night Movie: Unlimited Blade Works,,,,,"Jan 23, 2010",,"Jan 23, 2010",1,,"Action, Fantasy",,Watch Later,ğŸ”„,,Illegally,Kusonime,This movies is a summary of the entire Fate/stay night story from Studio Deen version (released in 2006),,,
77,Fate Series (01): Fate/Zero (S1),,,,,"Oct 2, 2011","Dec 25, 2011","Oct 2, 2011  -  Dec 25, 2011",13,,"Action, Fantasy",,Complete (2x),âœ…,,Illegally,Kusonime,,,,
78,Fate Series (02): Fate/Zero (S2),,,,,"Apr 8, 2012","Jun 24, 2012","Apr 8, 2012  -  Jun 24, 2012",12,,"Action, Fantasy",,Complete (2x),24,,Legally,Bstation,,,,
79,Fate Series (03): Carnival Phantasm + HibiChika Special (OVA),,,,,"Aug 14, 2011","Dec 31, 2011","Aug 14, 2011  -  Dec 31, 2011",12,,"Action, Fantasy",,Watch Later,ğŸ”„,,Illegally,Kusonime,,,,
80,Fate Series (04): Fate/Prototype (OVA),,,,,"Dec 31, 2011",,"Dec 31, 2011",1,,"Comedy, Parody, Supernatural",,Watch Later,ğŸ”„,,Illegally,Kusonime,,,,
81,Fate Series (05): Fate/stay night: Unlimited Blade Work (S1),,,,,"Oct 12, 2014","Dec 28, 2014","Oct 12, 2014  -  Dec 28, 2014",12,,"Action, Fantasy, Romance",,Complete,âœ…,,Legally,Bstation,,,,
82,Fate Series (06): Fate/stay night: Unlimited Blade Work (S2),,,,,"Apr 5, 2015","Jun 28, 2015","Apr 5, 2015  -  Jun 28, 2015",13,,"Action, Fantasy",,Complete,âœ…,,Legally,Bstation,,,,
83,Fate Series (07): Fate/stay night Movie: Heaven's Feel - I. Presage Flower,,,,,"Oct 14, 2017",,"Oct 14, 2017",1,,"Action, Fantasy",,Watch Later,ğŸ”„,,Illegally,Kusonime,,,,
84,Fate Series (08): Fate/stay night Movie: Heaven's Feel - II. Lost Butterfly,,,,,"Jan 12, 2019",,"Jan 12, 2019",1,,"Action, Fantasy",,Watch Later,ğŸ”„,,Illegally,Kusonime,,,,
85,Fate Series (09): Fate/stay night Movie: Heaven's Feel - III. Spring Song,,,,,"Aug 15, 2020",,"Aug 15, 2020",1,,"Action, Fantasy",,Watch Later,ğŸ”„,,Illegally,Kusonime,,,,
86,Fate Series (10): Emiya-san Chi no Kyou no Gohan (Today's Menu for the Emiya Family),,,,,"Jan 25, 2018","Jan 1, 2019","Jan 25, 2018  -  Jan 1, 2019",13,,"Action, Fantasy",,Complete,âœ…,,Illegally,Kusonime,,,,
87,Fate Series (11): Fate/Apocrypha,,,,,"Jul 2, 2017","Dec 31, 2017","Jul 2, 2017  -  Dec 31, 2017",25,,"Gourmet, Slice of Life",,Complete,âœ…,,Illegally,Kusonime,,,,
88,Fate Series (12): Fate/Grand Order: First Order,,,,,"Dec 31, 2016",,"Dec 31, 2016",1,,"Action, Fantasy",,Complete,âœ…,,Illegally,Kusonime,,,,
89,Fate Series (13): Fate/Grand Order: Moonlight/Lostroom,,,,,"Dec 31, 2017",,"Dec 31, 2017",1,,"Action, Fantasy",,Watch Later,ğŸ”„,,Illegally,Kusonime,,,,
90,Fate Series (14): Fate/Grand Order: Zettai Majuu Sensen Babylonia (Absolute Demonic Front - Babylonia),,,,,"Oct 5, 2019","Mar 21, 2020","Oct 5, 2019  -  Mar 21, 2020",21,,"Action, Fantasy",,Complete,âœ…,,Illegally,Kusonime,,,,
91,Fate Series (15): Fate/Grand Order: Shinsei Entaku Ryouiki Camelot 1 - Wandering; Agateram (Divine Realm of the Round Table - Camelot Wandering; Agateram),,,,,"Dec 5, 2020",,"Dec 5, 2020",1,,"Action, Fantasy",,Watch Later,ğŸ”„,,Illegally,Kusonime,,,,
92,Fate Series (16): Fate/Grand Order: Shinsei Entaku Ryouiki Camelot 2 - Paladin; Agateram (Divine Realm of the Round Table - Camelot Paladin; Agateram),,,,,"May 15, 2021",,"May 15, 2021",1,,"Action, Fantasy",,Watch Later,ğŸ”„,,Illegally,AnimeSail,,,,
93,Fate Series (17): Fate/Grand Order: Shuukyoku Tokuiten - Kani Jikan Shinden Solomon (Final Singularity - Grand Temple of Time: Solomon),,,,,"Jul 30, 2021",,"Jul 30, 2021",1,,"Action, Fantasy",,Watch Later,ğŸ”„,,Illegally,Kusonime,,,,
94,"Food Court de, Mata Ashita. (See You Tomorrow at the Food Court)",,,,,"Jul 7, 2025",On going,"Jul 7, 2025  -  On going",6,,"Action, Fantasy",,Watching,Eps. 01,,Illegally,Alqanime,,,,
95,Fujimoto Tatsuki 17-26,,,,,"Nov 8, 2025",,"Nov 8, 2025",8,,"Action, Comedy, Drama, Romance, Supernatural, School",,Complete,âœ…,,Illegally,Kusonime,,,,
96,Fullmetal Alchemist The Movie 2,,,,,,,,,,,,Complete,âœ…,,,,,,,
97,Fullmetal Alchemist: Brotherhood,,,,,,,,,,Slice of Life,,Complete,âœ…,,Legally,Bstation,,,,
98,"Fuufu Ijou, Koibito Miman. (More than a Married Couple, but Not Lovers.)",,,,,,,,,,,,Watching,Eps. 04,,Legally,Bstation,,,,
99,Fuuka,,,,,,,,,,,,Complete,âœ…,,,,,,,
100,Fuumetsu no Anata (S1),,,,,,,,,,,,Watch Later,ğŸ”„,,,,,,,
101,Fuumetsu no Anata (S2),,,,,,,,,,,,Watch Later,ğŸ”„,,,,,,,
102,"GATE: Jieitai Kanochi nite, Kaku Tatakaeri (S1)",,,,,,,,,,,,Complete,âœ…,,,,,,,
103,"GATE: Jieitai Kanochi nite, Kaku Tatakaeri (S2)",,,,,,,,,,,,Complete,âœ…,,,,,,,
104,Getsuyoubi no Tawawa (Tawawa on Monday),,,,,,,,,,,,Complete,âœ…,,Legally,Bstation,,,,
105,Getsuyoubi no Tawawa (Tawawa on Monday) (S2),,,,,,,,,,,,Complete,âœ…,,Legally,Bstation,,,,
106,Giji Harem (Pseudo Harem),,,,,,,,,,,,Watching,Eps. 01,,Legally,Bstation,,,,
107,Gleipnir,,,,,,,,,,,,Complete,âœ…,,,,,,,
108,Goblin Slayer,,,,,,,,,,,,Watching,Eps. 01,,,,,,,
109,God of High School,,,,,,,,,,,,Complete,âœ…,,,,,,,
110,"Guild no Uketsukejou desu ga, Zangyou wa Iya nanode Boss wo Solo Toubatsu Shiyou to Omoimasu (I May Be a Guild Receptionist, but I'll Solo Any Boss to Clock Out on Time)",,,,,,,,,,,,Watching,Eps. 01,,,,,,,
111,Haikyuu!! (S1),,,,,,,,,,,,Complete (2x),âœ…,,Legally,iQIYI,,,,
112,Haikyuu!! Second Season (S2),,,,,,,,,,,,Complete (2x),âœ…,,Legally,iQIYI,,,,
113,Haikyuu!! To The Top (S4),,,,,,,,,,,,Complete (2x),âœ…,,Legally,iQIYI,,,,
114,Haikyuu!!: Karasuno Koukou vs Shiratorizawa Gakuen Koukou (S3),,,,,,,,,,,,Complete (2x),âœ…,,Legally,iQIYI,,,,
115,Hananoi-kun to Koi no Yamai,,,,,,,,,,,,Complete,âœ…,,Illegally,,,,,
116,Helck,,,,,,,,,,,,Drop,âŒ,,Legally,BStation,,,,
117,Hibi wa Sugiredo Meshi Umashi (Food for the Soul),,,,,"Apr 13, 2025","Jun 29, 2025","Apr 13, 2025  -  Jun 29, 2025",12,,,,Watching,Eps. 01,,Illegally,Otakudesu,,,,
118,Hige o Soru. Soshite Joshi Kosei Hirou,,,,,,,,,,,,Complete,âœ…,,,,,,,
119,Highschool of The Dead,,,,,,,,,,Gourmet,,Watch Later,ğŸ”„,,,,,,,
120,Honey Lemon Soda,,,,,,,,,,,,Watching,Eps. 01,,,,,,,
121,Horimiya,,,,,,,,,,,,Complete,âœ…,,Legally,iQIYI,,,,
122,Horimiya: Missing Pieces,,,,,,,,,,,,Complete,âœ…,,Legally,Bstation,,,,
123,Hunter x Hunter,,,,,,,,,,,,Complete (2x),âœ…,,Legally,Bstation dan Youtube (Muse Indonesia),,,,
124,Hyouka,,,,,,,,,,,,Complete,âœ…,,Legally,Youtube (Muse Indonesia),,,,
125,I Want to Eat Your Pancreas,,,,,,,,,,,,Watch Later,ğŸ”„,,,,,,,
126,Imouto sae Ireba Ii,,,,,,,,,,,,Complete,âœ…,,,,,,,
127,Isekai Nonbiri Nouka,,,,,,,,,,,,Complete,âœ…,,Legally,Bstation,,,,
128,Isekai Ojisan,,,,,,,,,,,,Complete,âœ…,,Illegally,,,,,
129,Isekai Quartet (01): Isekai Quartet 1,,,,,"Apr 10, 2019","Jun 26, 2019","Apr 10, 2019  -  Jun 26, 2019",12,,"Comedy, Fantasy, Isekai, Parody",,Complete,âœ…,,Illegally,Kusonime,,,,
130,Isekai Quartet (02): Isekai Quartet 2,,,,,"Jan 15, 2020","Apr 1, 2020","Jan 15, 2020  -  Apr 1, 2020",12,,"Comedy, Fantasy, Isekai, Parody",,Complete,âœ…,,Illegally,Kusonime,,,,
131,Isekai Quartet (03): Isekai Quartet Movie: Another World,,,,,"Jun 10, 2022",,"Jun 10, 2022",1,,"Comedy, Fantasy, Isekai, Parody",,Watch Later,ğŸ”„,,Illegally,Kusonime,,,,
132,Isekai Quartet (04): Isekai Quartet 3,,,,,"Oct 13, 2025","Dec 22, 2025","Oct 13, 2025  -  Dec 22, 2025",11,,"Comedy, Fantasy, Isekai, Parody",,Watch Later,ğŸ”„,,Illegally,Kusonime,,,,
133,Isekai Yakkyoku,,,,,,,,,,,,Complete,âœ…,,,,,,,
134,Ishura,,,,,,,,,,,,Complete,âœ…,,Illegally,,,,,
135,Ishura (S2),,,,,,,,,,,,Watch Later,ğŸ”„,,Illegally,,,,,
136,"Isshun de Chiryou shiteita noni Yakutatazu to Tsuihou sareta Tensai Chiyushi, Yami Healer toshite Tanoshiku Ikiru (The Brilliant Healer's New Life in the Shadows)",,,,,,,,,,,,Watch Later,ğŸ”„,,Legally,Bstation,,,,
137,Itai wa Iya nano de Bougyoryoku ni Kyokufuri Shitai to Omoimasu.,,,,,,,,,,,,Complete,âœ…,,Legally,Bstation,,,,
138,Itai wa Iya nano de Bougyoryoku ni Kyokufuri Shitai to Omoimasu. (S2),,,,,,,,,,,,Watching,Eps. ??,,Legally,Bstation,,,,
139,Izure Saikyou no Renkinjutsushi? (Possibly the Greatest Alchemist of All Time),,,,,,,,,,,,Watching,Eps. 01,,Illegally,Samehadaku,,,,
140,Jigokuraku (Hell's Paradise),,,,,,,,,,,,Complete,âœ…,,Illegally,,,,,
141,Jiisan Baasan Wakagaeru (Grandpa and Grandma Turn Young Again),,,,,,,,,,,,Watch Later,ğŸ”„,,Legally,Bstation,,,,
142,Jojo Bizarre Adventure (Jojo no Kimyou no Bouken Part 1 & Part 2),,,,,,,,,,,,Complete,âœ…,,Legally,Youtube (Muse Indonesia),,,,
143,Jojo Bizarre Adventure: Diamond wa Kudakenai (Jojo no Kimyou no Bouken Part 4),,,,,,,,,,,,Complete,âœ…,,Legally,Youtube (Muse Indonesia),,,,
144,Jojo Bizarre Adventure: Ougon nu Kaze (Jojo no Kimyou no Bouken Part 5),,,,,,,,,,,,Complete,âœ…,,Legally,Youtube (Muse Indonesia),,,,
145,Jojo Bizarre Adventure: Stardust Crusaders (Jojo no Kimyou no Bouken Part 3),,,,,,,,,,,,Complete,âœ…,,Legally,Youtube (Muse Indonesia),,,,
146,Jojo Bizarre Adventure: Stone Ocean (Jojo no Kimyou no Bouken Part 6),,,,,,,,,,,,Complete,âœ…,,Illegally,,,,,
147,Joshi Kausei,,,,,,,,,,,,Complete,âœ…,,Illegally,,,,,
148,Joshikousei no Mudazukai (Wasteful Days of High School Girls),,,,,,,,,,,,Complete,âœ…,,Legally,Bstation,,,,
149,Jujutsu Kaisen,,,,,,,,,,,,Complete (2x),âœ…,,Legally,iQIYI,,,,
150,Jujutsu Kaisen (S2),,,,,,,,,,,,Complete,âœ…,,Legally,Bstation,,,,
151,Kage no Jitsuryokusha ni Naritakute! (The Eminence in Shadow),,,,,,,,,,,,Complete (2x),âœ…,,Legally,Bstation,,,,
152,Kage no Jitsuryokusha ni Naritakute! S2 (The Eminence in Shadow S2),,,,,,,,,,,,Complete,âœ…,,Legally,Bstation,,,,
153,Kaguya-sama wa Kokurasetai: First Kiss wa Owaranai (Kaguya-sama: Love is War - The First Kiss That Never Ends),,,,,,,,,,,,Complete,âœ…,,Legally,iQIYI,,,,
154,Kaguya-sama wa Kokurasetai: Tensai-tachi no Renai Zunousen (Kaguya-sama: Love is War),,,,,,,,,,,,Complete (2x),âœ…,,Legally,iQIYI,,,,
155,Kaguya-sama wa Kokurasetai: Ultra Romantic (Kaguya-sama: Love is War - Ultra Romantic),,,,,,,,,,,,Complete,âœ…,,Legally,iQIYI,,,,
156,Kaguya-sama wa Kokurasetai? Tensai-tachi no Renai Zunousen (Kaguya-sama: Love is War (S2),,,,,,,,,,,,Complete (2x),âœ…,,Legally,iQIYI,,,,
157,Kaguya-sama wa Kokurasetai? Tensai-tachi no Renai Zunousen OVA (Kaguya-sama: Love is War OVA),,,,,,,,,,,,Complete (2x),âœ…,,Legally,iQIYI,,,,
158,Kaijuu 8-gou (Kaiju No. 8),,,,,,,,,,,,Watch Later,ğŸ”„,,Legally,Bstation,,,,
159,Kakegurui,,,,,,,,,,,,Complete (2x),âœ…,,Illegally,,,,,
160,Kakegurui Twin,,,,,,,,,,,,Complete,âœ…,,Illegally,,,,,
161,Kakegurui x x,,,,,,,,,,,,Complete,âœ…,,Illegally,,,,,
162,Kakushite! Makina-san!! (Makina-san's a Love Bot?!),,,,,,,,,,,,Watching,Eps. 09,,Illegally,Kusonime,,,,
163,"Kanojo, Okarishimasu (Rent-A-Girlfriend)",,,,,,,,,,,,Complete,âœ…,,Legally,iQIYI,,,,
164,"Kanojo, Okarishimasu (Rent-A-Girlfriend) (S2)",,,,,,,,,,,,Watch Later,ğŸ”„,,,,,,,
165,Kaoru Hana wa Rin to Saku (The Fragrant Flower Blooms with Dignity),,,,,,,,,,,,Watching,Eps. 01,,Illegally,Samehadaku,,,,
166,Karakai Jouzu no Takagi-san (S1),,,,,,,,,,,,Complete,âœ…,,,,,,,
167,Karakai Jouzu no Takagi-san (S2),,,,,,,,,,,,Complete,âœ…,,,,,,,
168,Karakai Jouzu no Takagi-san (S3),,,,,,,,,,,,Complete,âœ…,,,,(Watch Later on Bstation),,,
169,Karakai Jouzu no Takagi-san Movie,,,,,,,,,,,,Complete,âœ…,,Legally,Bstation,,,,
170,"Katainaka no Ossan, Kensei ni Naru (From Old Country Bumpkin to Master Swordsman)",,,,,,,,,,,,Watch Later,ğŸ”„,,Illegally,Samehadaku,,,,
171,"Keikenzumi na Kimi to, Keiken Zero na Ore ga, Otsukiai suru Hanashi (Kimizero)",,,,,,,,,,,,Watching,Eps. 06,,Legally,Bstation,,,,
172,Kekkai Sensen (Blood Blockade Battlefront),,,,,,,,,,,,Watching,Eps. 03,,,,,,,
173,Kenka Banchou Otome (Girl Beats Boys),,,,,,,,,,,,Complete,âœ…,,Illegally,,,,,
174,Kenka Dokugaku (Viral Hit),,,,,,,,,,,,Watch Later,ğŸ”„,,Illegally,Otakudesu,,,,
175,Kimetsu no Yaiba,,,,,,,,,,,,Complete (2x),âœ…,,Legally,iQIYI,,,,
176,Kimetsu no Yaiba Movie: Mugen Ressha-hen,,,,,,,,,,,,Complete (2x),âœ…,,Legally,iQIYI,,,,
177,Kimetsu no Yaiba: Hashira Geiko-hen,,,,,,,,,,,,Complete,âœ…,,Legally,BStation,,,,
178,Kimetsu no Yaiba: Katanakaji no Sato-hen,,,,,,,,,,,,Complete,âœ…,,Legally,iQIYI,,,,
179,Kimetsu no Yaiba: Mugen Ressha-hen,,,,,,,,,,,,Complete (2x),âœ…,,Legally,iQIYI,,,,
180,Kimetsu no Yaiba: Yuukaku-hen,,,,,,,,,,,,Complete (2x),âœ…,,Legally,iQIYI,,,,
181,Kimi no Koe wo Todoketai ,,,,,,,,,,,,Watch Later,ğŸ”„,,,,,,,
182,"Kimi no Koto ga Daidaidaidaidaisuki na 100-nin no Kanojo (The 100 Girlfriends Who Really, Really, Really, Really, Really Love You)",,,,,,,,,,,,Complete,âœ…,,Legally,Youtube (Muse Indonesia),,âœ…,,
183,"Kimi no Koto ga Daidaidaidaidaisuki na 100-nin no Kanojo (The 100 Girlfriends Who Really, Really, Really, Really, Really Love You) (S2)",,,,,,,,,,,,Watching,Eps. 01,,,,,,,
184,Kimi to Boku no Saigo no Senjou,,,,,,,,,,,,Drop,âŒ,,Legally,Bstation,,,,
185,Kimi wa Meido-sama. (You are Ms. Servant.),,,,,"Oct 6, 2024","Dec 22, 2024","Oct 6, 2024  -  Dec 22, 2024",12,,"Comedy, Romance",,Watch Later,ğŸ”„,,Illegally,Kusonime,,,,
186,Kizetsu Yuusha to Ansatsu Hime (The Shy Hero and the Assassin Princesses),,,,,,,,,,,,Watching,Eps. 01,,Illegally,Samehadaku,,,,
187,"Kobayashi-san Chi no Maid Dragon: Valentine, Soshite Onsen! - Amari Kitai Shinaide Kudasai",,,,,,,,,,,,Complete,âœ…,,Legally,Bstation,,âœ…,âœ…,
188,Kobayashi-san Chi no OO Dragon,,,,,,,,,,,,Complete,âœ…,,Legally,Bstation,,âœ…,âœ…,
189,Kobayashi-san Cho no Maid Dragon,,,,,,,,,,,,Complete,âœ…,,Legally,Bstation,,âœ…,âœ…,
190,Kobayashi-san Cho no Maid Dragon S,,,,,,,,,,,,Complete,âœ…,,Legally,Bstation,,âœ…,âœ…,
191,Koi wa Sekai Seifuku no Ato de,,,,,,,,,,,,Complete,âœ…,,Illegally,,,,,
192,"Komi-san wa, Comyushou desu. (Komi Can't Communicate)",,,,,"Oct 7, 2021","Dec 23, 2021","Oct 7, 2021  -  Dec 23, 2021",12,,"Comedy, School",,Watching,6,,Illegally,Kusonime,,âœ…,âœ…,
193,"Komi-san wa, Comyushou desu. 2nd Season (Komi Can't Communicate Season 2)",,,,,"Apr 7, 2022","Jun 23, 2022","Apr 7, 2022  -  Jun 23, 2022",12,,"Comedy, School",,Watch Later,ğŸ”„,,Illegally,Kusonime,,âœ…,âœ…,
194,Kono Kaisha ni Suki na Hito ga Imasu (Can You Keep a Secret?),,,,,"Jan 6, 2025","Mar 24, 2025","Jan 6, 2025  -  Mar 24, 2025",12,,"Comedy, Romance",,Complete,âœ…,,Legally,Bstation,,,,
195,Kono YÅ«sha ga Ore TsuÄ“ Kuse ni ShinchÅ Sugiru (Cautious Hero: The Hero Is Overpowered but Overly Cautious),,,,,,,,,,,,Complete,âœ…,,,,,,,
196,Konosuba (01): Kono Subarashii Sekai ni Shukufuku wo! (KonoSuba: God's Blessing on This Wonderful World!),,,,,"Jan 14, 2016","Mar 17, 2016","Jan 14, 2016  -  Mar 17, 2016",10,,"Adventure, Comedy, Fantasy, Isekai, Parody",,Complete,âœ…,,Illegally,Kusonime,,,,
197,Konosuba (02): Kono Subarashii Sekai ni Shukufuku wo!: Kono Subarashii Choker ni Shukufuku wo! (God's Blessing on This Wonderful Choker!) (OVA),,,,,"Jun 24, 2016",,"Jun 24, 2016",1,,"Adventure, Comedy, Fantasy, Isekai, Parody",,Complete,âœ…,,Illegally,Kusonime,,,,
198,Konosuba (03): Kono Subarashii Sekai ni Shukufuku wo! 2 (KonoSuba: God's Blessing on This Wonderful World! 2),,,,,"Jan 12, 2017","Mar 16, 2017","Jan 12, 2017  -  Mar 16, 2017",10,,"Adventure, Comedy, Fantasy, Isekai, Parody",,Complete,âœ…,,Illegally,Kusonime,,,,
199,Konosuba (04): Kono Subarashii Sekai ni Shukufuku wo! 2: Kono Subarashii Geijutsu ni Shukufuku wo! (God's Blessing on This Wonderful Art!) (OVA),,,,,"Jul 24, 2017",,"Jul 24, 2017",1,,"Adventure, Comedy, Fantasy, Isekai, Parody",,Complete,âœ…,,Illegally,Kusonime,,,,
200,Konosuba (05): Kono Subarashii Sekai ni Shukufuku wo! Movie: Kurenai Densetsu (KonoSuba: God's Blessing on This Wonderful World! - Legend of Crimson),,,,,"Aug 30, 2019",,"Aug 30, 2019",1,,"Adventure, Comedy, Fantasy, Isekai, Parody",,Watch Later,ğŸ”„,,Illegally,Kusonime,,,,
201,Konosuba (06): Kono Subarashii Sekai ni Bakuen wo! (KonoSuba: An Explosion on This Wonderful World!),,,,,"Apr 6, 2023","Jun 22, 2023","Apr 6, 2023  -  Jun 22, 2023",12,,"Comedy, Fantasy",,Watch Later,ğŸ”„,,Illegally,Kusonime,,,,
202,Konosuba (07): Kono Subarashii Sekai ni Shukufuku wo! 3 (KonoSuba: God's Blessing on This Wonderful World! 3),,,,,"Apr 10, 2024","Jun 19, 2024","Apr 10, 2024  -  Jun 19, 2024",11,,"Adventure, Comedy, Fantasy, Isekai, Parody",,Watch Later,ğŸ”„,,Illegally,Kusonime,,,,
203,Konosuba (08): Kono Subarashii Sekai ni Shukufuku wo! 3: Bonus Stage (OVA),,,,,"Apr 25, 2025",,"Apr 25, 2025",2,,"Adventure, Comedy, Fantasy, Isekai, Parody",,Watch Later,ğŸ”„,,Illegally,Kusonime,,,,
204,Konosuba (09): Kono Subarashii Sekai ni Shukufuku wo! (Zoku-hen) (KonoSuba: God's Blessing on This Wonderful World! (Sequel),,,,,,,,,,"Adventure, Comedy, Fantasy, Isekai, Parody",,Watch Later,ğŸ”„,,Illegally,Kusonime,,,,
205,Koujo Denka no Kateikyoushi (Private Tutor to the Duke's Daughter),,,,,,,,,,,,Watching,Eps. 02,,Legally,Samehadaku,,,,
206,Koutetsujou no Kabaneri,,,,,,,,,,,,Complete,âœ…,,,,,,,
207,Koutetsujou no Kabaneri The Movie,,,,,,,,,,,,Complete,âœ…,,,,,,,
208,Kowloon Generic Romance,,,,,,,,,,,,Watch Later,ğŸ”„,,Legally,Bstation,,,,
209,Kun Tun Tianxia Zhi Zhang Men Guilai (The All-devouring Whale: Homecoming),,,,,"May 1, 2025","Jul 11, 2025","May 1, 2025  -  Jul 11, 2025",12,,,,Watching,Eps. 03,,Legally,Bstation,,,,
210,Kuroiwa Medaka ni Watashi no Kawaii ga Tsuujinai (Medaka Kuroiwa is Impervious to My Charms),,,,,,,,,,,,Complete,âœ…,,Illegally,,,,,
211,Kuroko no Basket (S1),,,,,,,,,,"Action, Fantasy",,Complete,âœ…,,Legally,iQIYI,,,,
212,Kuroko no Basket (S2),,,,,,,,,,,,Complete,âœ…,,Legally,iQIYI,,,,
213,Kuroko no Basket (S3),,,,,,,,,,,,Complete,âœ…,,Legally,iQIYI,,,,
214,Kuroko no Basket The Movie : Last Game,,,,,,,,,,,,Complete (2x),âœ…,,Legally,iQIYI,,,,
215,Kusuriya no Hitorigoto,,,,,,,,,,,,Complete,âœ…,,Illegally,,,,,
216,Kusuriya no Hitorigoto (S2),,,,,,,,,,,,Watch Later,ğŸ”„,,Illegally,Samehadaku,,,,
217,Lazarus,,,,,,,,,,,,Complete,âœ…,,Illegally,Samehadaku,,,,
218,Look Back,,,,,"Jun 28, 2024",,"Jun 28, 2024",1 (Movie),,Drama,,Watch Later,ğŸ”„,,Illegally,Kusonime,,,,
219,Lv2 kara Cheat datta Motoyuusha Kouho no Mattari Isekai Life,,,,,,,,,,,,Watching,Eps. 07,,Illegally,,,,,
220,Made in Abyss,,,,,,,,,,,,Complete,âœ…,,Legally,Bstation,,,,
221,Made in Abyss Movie 1: Tabidachi no Yoake (Made in Abyss: Journey's Dawn),,,,,,,,,,,,Complete,âœ…,,Legally,,Compilation of Eps. 01-08,,,
222,Made in Abyss Movie 2: Hourou Suru Tasogare (Made in Abyss: Wandering Twilight),,,,,,,,,,,,Complete,âœ…,,Legally,,Compilation of Eps. 09-13,,,
223,Made in Abyss Movie 3: Fukaki Tamashii no Reimei (Made in Abyss: Dawn of the Deep Soul),,,,,,,,,,,,Complete,âœ…,,Illegally,Kusonime,,,,
224,Made in Abyss: Retsujitsu no Ougonkyou (Made in Abyss: The Golden City of the Scorching Sun) (S2),,,,,,,,,,,,Complete,âœ…,,Legally,Bstation,,,,
225,Magic Maker: Isekai Mahou no Tsukurikata (Magic Maker: How to Make Magic in Another World),,,,,,,,,,,,Drop,Eps. 08,,Illegally,Samehadaku,,,,
226,Make Heroine ga Oosugiru! (Makeine: Too Many Losing Heroines!),,,,,,,,,,,,Complete,âœ…,,Legally,Bstation,,,,
227,Mamahaha no Tsurego ga Motokano datta,,,,,,,,,,,,Complete,âœ…,,Illegally,,Watch Later in Bstation,,,
228,"Maou no Ore ga Dorei Elf wo Yome ni Shitanda ga, Dou Medereba Ii?",,,,,,,,,,,,Watching,Eps. 11,,Legally,Bstation,,,,
229,Mashle: Magic and Mucle,,,,,,,,,,,,Complete,âœ…,,Legally,Bstation,,,,
230,Mashle: Shinkakusha Kouho Senbatsu Shiken-hen,,,,,,,,,,,,Complete,âœ…,,Legally,Bstation,,,,
231,Mattaku Saikin no Tantei to Kitara (Detectives These Days Are Crazy!),,,,,"Jul 1, 2025",On going,"Jul 1, 2025  -  On going",12,,,,Watching,Eps. 01,,Legally,Bstation,,,,
232,Medalist,,,,,,,,,,,,Watching,Eps. 01,,Illegally,Samehadaku,,,,
233,Midara na Ao-chan wa Benkyou ga Dekinai,,,,,,,,,,"Comedy, Mystery",,Complete (2x),âœ…,,Legally,Bstation,,,,
234,Mizu Zokusei no Mahoutsukai,,,,,"Jul 4, 2025","Sep 26, 2025","Jul 4, 2025  -  Sep 26, 2025",12,,,,Complete,âœ…,,Illegally,Samehadaku,,,,
235,Mob Psycho 100 I,,,,,,,,,,"Adventure, Fantasy, Isekai",,Complete (2x),âœ…,,Legally,iQIYI,,,,
236,Mob Psycho 100 II,,,,,,,,,,"Action, Fantasy, Isekai",,Complete (2x),âœ…,,Legally,iQIYI,,,,
237,Mob Psycho 100 III,,,,,,,,,,,,Complete,âœ…,,Legally,iQIYI,,,,
238,Mono,,,,,"Apr 13, 2025","Jun 29, 2025","Apr 13, 2025  -  Jun 29, 2025",12,,,,Watching,Eps. 01,,Illegally,Otakudesu,,,,
239,Munou na Nana,,,,,,,,,,,,Complete,âœ…,,,,,,,
240,Mushoku Tensei (01): Mushoku Tensei: Isekai Ittara Honki Dasu (Mushoku Tensei: Jobless Reincarnation) (S1: P1),,,,,"Jan 11, 2021","Mar 22, 2021","Jan 11, 2021  -  Mar 22, 2021",11,,"Adventure, Drama, Fantasy, Ecchi, Isekai",,Complete (2x),âœ…,,Legally,iQIYI,,,,
241,Mushoku Tensei (02): Mushoku Tensei: Isekai Ittara Honki Dasu Part 2 (Mushoku Tensei: Jobless Reincarnation Part 2) (S1: P2),,,,,"Oct 4, 2021","Dec 20, 2021","Oct 4, 2021  -  Dec 20, 2021",12,,"Adventure, Drama, Fantasy, Ecchi, Isekai",,Complete (2x),âœ…,,Legally,iQIYI,,âœ…,âœ…,
242,Mushoku Tensei (03): Mushoku Tensei: Isekai Ittara Honki Dasu - Eris no Goblin Toubatsu (Eris the Goblin Slayer),,,,,"Mar 16, 2022",,"Mar 16, 2022",1,,"Adventure, Drama, Fantasy, Ecchi, Isekai",,Complete (2x),âœ…,,Legally,iQIYI,,âœ…,âœ…,
243,"Mushoku Tensei (04): Mushoku Tensei II: Isekai Ittara Honki Dasu - Shugo Jutsushi Fitz (Episode 0 ""Guardian Fitz"")",,,,,"Jul 3, 2023",,"Jul 3, 2023",1,,"Adventure, Drama, Fantasy, Ecchi, Isekai",,Complete (2x),âœ…,,Legally,Youtube (Muse Indonesia),,âœ…,âœ…,
244,Mushoku Tensei (05): Mushoku Tensei II: Isekai Ittara Honki Dasu (Mushoku Tensei: Jobless Reincarnation Season 2) (S2: P1),,,,,"Jul 10, 2023","Sep 25, 2023","Jul 10, 2023  -  Sep 25, 2023",12,,"Adventure, Drama, Fantasy, Ecchi, Isekai",,Complete (2x),âœ…,,Legally,Youtube (Muse Indonesia),,âœ…,âœ…,
245,Mushoku Tensei (06): Mushoku Tensei II: Isekai Ittara Honki Dasu Part 2 (Mushoku Tensei: Jobless Reincarnation Season 2 Part 2) (S2: P2),,,,,"Apr 8, 2024","Jul 1, 2024","Apr 8, 2024  -  Jul 1, 2024",12,,"Adventure, Drama, Fantasy, Ecchi, Isekai",,Complete,âœ…,,Legally,Youtube (Muse Indonesia),,âœ…,âœ…,
246,Mushoku Tensei (07): Mushoku Tensei III: Isekai Ittara Honki Dasu (Mushoku Tensei: Jobless Reincarnation Season 3) (S3: P1),,,,,,,,,,"Adventure, Drama, Fantasy, Ecchi, Isekai",,Watch Later,ğŸ”„,,Legally,,,,,
247,Nanatsu no Taizai (The Seven Deadly Sins),,,,,,,,,,"Adventure, Isekai, Drama, Fantasy, Ecchi",,Complete (2x),âœ…,,Legally,Youtube (Muse Indonesia),,,,
248,Nanatsu no Taizai Movie 1: Tenkuu no Torawarebito (Prisoners of the Sky),,,,,,,,,,,,Complete,âœ…,,Illegally,,,,,
249,Nanatsu no Taizai Movie 2: Hikari ni Norowareshi Mono-tachi (Cursed By Light),,,,,,,,,,,,Complete,âœ…,,Illegally,,,,,
250,Nanatsu no Taizai: Ban's Side Story OVA,,,,,,,,,,,,Complete (2x),âœ…,,Illegally,,,,,
251,Nanatsu no Taizai: Ensa no Edinburgh (Grudge of Edinburgh),,,,,,,,,,,,Complete,âœ…,,Illegally,,,,,
252,Nanatsu no Taizai: Funnu no Shinpan (Dragon's Judgement) (S4),,,,,,,,,,,,Complete (2x),âœ…,,Illegally,,,,,
253,Nanatsu no Taizai: Imashime no Fukkatsu (Revival of the Commandments) (S2),,,,,,,,,,,,Complete (2x),âœ…,,Legally,Bstation,,,,
254,Nanatsu no Taizai: Kamigami no Gekirin (Imperial Wrath of the Gods) (S3),,,,,,,,,,,,Complete (2x),âœ…,,Illegally,,,,,
255,Nanatsu no Taizai: Nanatsu no Taizai: Mokushiroku no Yonkishi (Four Knights of the Apocalypse),,,,,,,,,,,,Complete,âœ…,,Illegally,Kusonime,,,,
256,Nanatsu no Taizai: Nanatsu no Taizai: Mokushiroku no Yonkishi (Four Knights of the Apocalypse) (S2),,,,,,,,,,,,Watch Later,ğŸ”„,,Illegally,Kusonime,,,,
257,Nanatsu no Taizai: Seisen no Shirushi (Signs of Holy War),,,,,,,,,,,,Complete (2x),âœ…,,Legally,Bstation,,,,
258,Naruto (01): Naruto,,,,,"Oct 3, 2002","Feb 8, 2007","Oct 3, 2002  -  Feb 8, 2007",220,,"Action, Adventure, Fantasy",,Watch Later,ğŸ”„,,Legally,Bstation,,,,
259,Naruto (02): Naruto Movie 1: Dai Katsugeki!! Yuki Hime Ninpouchou Dattebayo! (Ninja Clash in the Land of Snow),,,,,"Aug 21, 2004",,"Aug 21, 2004",1 (Movie),,"Action, Adventure, Fantasy",,Watch Later,ğŸ”„,,Illegally,Kusonime,,,,
260,Naruto (03): Naruto Movie 2: Dai Gekitotsu! Maboroshi no Chiteiiseki Dattebayo! (Legend of the Stone of Gelel),,,,,"Aug 6, 2005",,"Aug 6, 2005",1 (Movie),,"Action, Adventure, Fantasy",,Watch Later,ğŸ”„,,Illegally,Kusonime,,,,
261,Naruto (04): Naruto Movie 3: Dai Koufun! Mikazuki Jima no Animaru Panic Dattebayo! (Guardians of the Crescent Moon Kingdom),,,,,"Aug 5, 2006",,"Aug 5, 2006",1 (Movie),,"Action, Adventure, Fantasy",,Watch Later,ğŸ”„,,Illegally,Kusonime,,,,
262,Naruto (05): Naruto Shippuden,,,,,"Feb 15, 2007","Mar 23, 2017","Feb 15, 2007  -  Mar 23, 2017",500,,"Action, Adventure, Fantasy",,Complete,âœ…,,Illegally,,,,,
263,Naruto (05): Naruto Shippuden (Chunnin Test),,,,,,,,,,"Action, Adventure, Fantasy",,Watch Later,ğŸ”„,,Illegally,Kusonime,Chunnin Test,,,
264,Naruto (06): Naruto: Shippuuden Movie 1,,,,,"Aug 4, 2007",,"Aug 4, 2007",1 (Movie),,"Action, Adventure, Fantasy",,Watch Later,ğŸ”„,,Illegally,Kusonime,,,,
265,Naruto (07): Naruto: Shippuuden Movie 2 - Kizuna (Bonds),,,,,"Aug 2, 2008",,"Aug 2, 2008",1 (Movie),,"Action, Adventure, Fantasy",,Watch Later,ğŸ”„,,Illegally,Kusonime,,,,
266,Naruto (08): Naruto: Shippuuden Movie 3 - Hi no Ishi wo Tsugu Mono (The Will of Fire),,,,,"Aug 1, 2009",,"Aug 1, 2009",1 (Movie),,"Action, Adventure, Fantasy",,Watch Later,ğŸ”„,,Illegally,Kusonime,,,,
267,Naruto (09): Naruto: Shippuuden Movie 4 - The Lost Tower,,,,,"Jul 31, 2010",,"Jul 31, 2010",1 (Movie),,"Action, Adventure, Fantasy, Time Travel",,Watch Later,ğŸ”„,,Illegally,Kusonime,,,,
268,Naruto (10): Naruto: Shippuuden Movie 5 - Blood Prison,,,,,"Jul 30, 2011",,"Jul 30, 2011",1 (Movie),,"Action, Adventure, Fantasy",,Watch Later,ğŸ”„,,Illegally,Kusonime,,,,
269,Naruto (11): Naruto: Shippuuden Movie 6 - Road to Ninja,,,,,"Jul 28, 2012",,"Jul 28, 2012",1 (Movie),,"Action, Adventure, Fantasy, Isekai",,Watch Later,ğŸ”„,,Illegally,Kusonime,,,,
270,Naruto (12): The Last: Naruto the Movie (Naruto Shippuden the Movie 7: The Last),,,,,"Dec 6, 2014",,"Dec 6, 2014",1 (Movie),,"Action, Adventure, Fantasy, Romance",,Watch Later,ğŸ”„,,Illegally,Kusonime,,,,
271,Naruto (13): Boruto: Naruto the Movie,,,,,"Aug 7, 2015",,"Aug 7, 2015",1 (Movie),,"Action, Adventure, Fantasy",,Watch Later,ğŸ”„,,Illegally,Kusonime,,,,
272,Naruto (14): Boruto : Naruto The Next Generation,,,,,"Apr 5, 2017","Mar 26, 2023","Apr 5, 2017  -  Mar 26, 2023",293,,"Action, Adventure, Fantasy",,Watching,Eps. 126,,Legally,Bstation,,,,
273,Naruto (15): Boruto: Two Blue Vortex,,,,,,,,,,,,,,,,,,,,
274,Nichijou,,,,,,,,,,,,Complete,âœ…,,Illegally,Otakudesu,,,,
275,Nige Jouzu no Wakagimi (The Elusive Samurai),,,,,"Jul 6, 2024","Sep 28, 2024","Jul 6, 2024  -  Sep 28, 2024",12,,,,Watch Later,ğŸ”„,,Illegally,Samehadaku,,,,
276,Ninja to Koroshiya no Futarigurashi,,,,,,,,,,"Adventure, Comedy",,Watching,Eps. 02,,Illegally,Otakudesu,,,,
277,Nisekoi,,,,,,,,,,,,Watching,Eps. 02,,Illegally,Otakudesu,,,,
278,Nisekoi: False Love Season 2,,,,,,,,,,,,Watch Later,ğŸ”„,,Illegally,Otakudesu,,,,
279,No Game No Life,,,,,,,,,,,,Complete (2x),âœ…,,Legally,Viu,,,,
280,No Game No Life Special,,,,,,,,,,,,Complete,âœ…,,Illegally,Otakudesu,,,,
281,No Game No Life: Zero,,,,,,,,,,,,Complete,âœ…,,Illegally,Otakudesu,,,,
282,Nora to Oujo to Noraneko Heart,,,,,,,,,,,,Complete,âœ…,,,,,,,
283,Noragami,,,,,,,,,,,,Watch Later,ğŸ”„,,,,,,,
284,One Piece,,,,,,,,,,,,Complete,Eps. 001-628 (Complete),,Legally,Bstation,,,,
285,One Piece,,,,,,,,,,,,Watching,Eps. 629-732 (On going),,Legally,Bstation,,,,
286,One Piece,,,,,,,,,,,,Watching,Eps. 733-782 (On going),,Legally,Bstation,,,,
287,One Piece,,,,,,,,,,,,Complete,Eps. 1139,,Legally,Bstation,,,,
288,One Piece,,,,,,,,,,,,Watching,Eps. 783-891 (On going),,Legally,Bstation,,,,
289,One Piece,,,,,,,,,,,,Watching,Eps. 892-1088 (On going),,Legally,Bstation,,,,
290,One Piece The Movie : Gold,,,,,,,,,,,,Complete,âœ…,,,,,,,
291,One Piece The Movie : Stampede,,,,,,,,,,,,Complete,âœ…,,,,,,,
292,One Piece The Movie : Strong World,,,,,,,,,,,,Complete,âœ…,,,,,,,
293,One Piece The Movie : Z,,,,,,,,,,,,Complete,âœ…,,,,,,,
294,One Punch Man (S1),,,,,,,,,,,,Complete,âœ…,,Legally,Youtube (Muse Indonesia),,,,
295,One Punch Man (S2),,,,,,,,,,,,Complete,âœ…,,Legally,Youtube (Muse Indonesia),,,,
296,One Punch Man (S3),,,,,"Oct 12, 2025",On going,"Oct 12, 2025  -  On going",Unknown,,,,Watching,Eps. 06,,Illegally,Samehadaku,,,,
297,Onmyou Kaiten Re:Birth,,,,,,,,,,,,Drop,Eps. 02,,Illegally,Samehadaku,,,,
298,Ore dake Level Up na Ken (Solo Leveling),,,,,,,,,,,,Complete,âœ…,,Legally,Bstation,,,,
299,Ore dake Level Up na Ken: Arise from the Shadow (S2),,,,,,,,,,,,Complete,âœ…,,Legally,Bstation,,,,
300,Oshi no Ko,,,,,,,,,,,,Complete,âœ…,,Illegally,Kusonime,,,,
301,Oshi no Ko (S2),,,,,,,,,,,,Complete,âœ…,,Illegally,Kusonime,,,,
302,Oshi no Ko (S3),,,,,,,,,,,,Watch Later,ğŸ”„,,Illegally,Kusonime,,,,
303,Otonari no Tenshi-sama ni Tsunomanika Dame Ningen ni Sareteita Ken,,,,,,,,,,,,Complete,âœ…,,Illegally,,,,,
304,Ousama Ranking (Ranking of Kings),,,,,,,,,,,,Complete,âœ…,,Legally,iQIYI,,,,
305,Overlord,,,,,"Jul 7, 2015","Sep 29, 2015","Jul 7, 2015  -  Sep 29, 2015",13,,,,Complete (2x),âœ…,,Legally,Bstation,,,,
306,Overlord II,,,,,"Jan 9, 2018","Apr 3, 2018","Jan 9, 2018  -  Apr 3, 2018",13,,"Action, Adventure, Fantasy, Isekai",,Complete (2x),âœ…,,Legally,Bstation,,,,
307,Overlord III,,,,,"Jul 10, 2018","Oct 2, 2018","Jul 10, 2018  -  Oct 2, 2018",13,,"Action, Adventure, Fantasy, Isekai",,Complete (2x),âœ…,,Legally,Bstation,,,,
308,Overlord IV,,,,,"Jul 5, 2022","Sep 27, 2022","Jul 5, 2022  -  Sep 27, 2022",13,,"Action, Adventure, Fantasy, Isekai",,Complete,âœ…,,Legally,Bstation,,,,
309,Overlord Movie 1: Fushisha no Ou (Overlord: The Undead King),,,,,"Feb 25, 2017",,"Feb 25, 2017",1,,"Action, Adventure, Fantasy, Isekai",,Complete,âœ…,,Illegally,Kusonime,,,,
310,Overlord Movie 2: Shikkoku no Eiyuu (Overlord: The Dark Hero),,,,,"Mar 11, 2017",,"Mar 11, 2017",1,,"Action, Adventure, Fantasy, Isekai",,Complete,âœ…,,Illegally,Kusonime,,,,
311,Overlord Movie 3: Sei Oukoku-hen (Overlord: The Sacred Kingdom),,,,,"Sep 20, 2024",,"Sep 20, 2024",1,,"Action, Adventure, Fantasy, Isekai",,Complete,âœ…,,Illegally,Kusonime,,,,
312,"Party kara Tsuihou sareta Sono Chiyushi, Jitsu wa Saikyou ni Tsuki (The Healer Who Was Banished From His Party, Is, in Fact, the Strongest)",,,,,"Oct 6, 2024","Dec 22, 2024","Oct 6, 2024  -  Dec 22, 2024",12,,"Action, Adventure, Fantasy, Isekai",,Drop,Eps. 03,,Legally,Bstation,,,,
313,Plastic Neesan,,,,,,,,,,,,Complete,âœ…,,Illegally,Otakudesu,,,,
314,Ragna Crimson,,,,,,,,,,"Action, Adventure, Fantasy",,Watching,Eps. 02,,Legally,Bstation,,,,
315,Re: Zero Kara Hajimeru Isekai Seikatsu,,,,,,,,,,,,Watch Later,ğŸ”„,,,,,,,
316,Ruri no Houseki (Ruri Rocks),,,,,"Jul 6, 2025",On going,"Jul 6, 2025  -  On going",13,,,,Watching,Eps. 01,,Illegally,Otakudesu,,,,
317,Saigo ni Hitotsu dake Onegai shitemo Yoroshii deshou ka (May I Ask for One Final Thing?),,,,,"Oct 4, 2025",On going,"Oct 4, 2025  -  On going",13,,,,Watching,Eps. 01,,Illegally,Samehadaku,,,,
318,Saiki Kusuo no Î¨-nan (The Disastrous Life of Saiki K.) (S1),,,,,"Jul 4, 2016","Dec 26, 2016","Jul 4, 2016  -  Dec 26, 2016",120,,"Action, Comedy, Fantasy, Romance",,Complete,âœ…,,Illegally,Kusonime,HAHAHHA,âœ…,,
319,Saiki Kusuo no Î¨-nan (The Disastrous Life of Saiki K.) (S2),,,,,,,,,,Slice of Life,,Complete,âœ…,,Illegally,,,,,
320,Saiki Kusuo no Î¨-nan: Kanketsu-hen (The Disastrous Life of Saiki K. Final Arc) (S3),,,,,,,,,,,,Complete,âœ…,,Illegally,,,,,
321,Saiki Kusuo no Î¨-nan: Î¨-shidou-hen (The Disastrous Life of Saiki K.: Reawakened),,,,,,,,,,,,Complete,âœ…,,,,,,,
322,Sakamoto Days,,,,,,,,,,,,Watching,Eps. 01,,,,,,,
323,Sakamoto desu ga?,,,,,,,,,,,,Complete (2x),âœ…,,Illegally,Otakudesu,,,,
324,Sakura-sou no Pet na Kanojo,,,,,,,,,,,,Complete (2x),âœ…,,Illegally,,,,,
325,Sawaranaide Kotesashi-kun (Hands Off: Sawaranaide Kotesashi-kun),,,,,"Oct 6, 2025",,"Oct 6, 2025",12,,,,Watching,Eps. 06,,Illegally,Samehadaku,,,,
326,Seishun Buta Yarou (01): Seishun Buta Yarou wa Bunny Girl Senpai no Yume wo Minai (Rascal Does Not Dream of Bunny Girl Senpai),,,,,"Oct 4, 2018","Dec 27, 2018","Oct 4, 2018  -  Dec 27, 2018",13,,"Sports, Ecchi, Harem, School",,Complete (3x),âœ…,,Legally,Bstation,,âœ…,âœ…,
327,Seishun Buta Yarou (02): Seishun Buta Yarou wa Yumemiru Shoujo no Yume wo Minai (Rascal Does Not Dream of a Dreaming Girl) (Movie),,,,,"Jun 15, 2019",,"Jun 15, 2019",1,,"Drama, Romance, Supernatural, School",,Complete (2x),âœ…,,Illegally,Kusonime,,,,
328,Seishun Buta Yarou (03): Seishun Buta Yarou wa Odekake Sister no Yume wo Minai (Rascal Does Not Dream of a Sister Venturing Out) (Movie),,,,,"Jun 23, 2023",,"Jun 23, 2023",1,,"Drama, Romance, Supernatural, School",,Watch Later,ğŸ”„,,Illegally,Kusonime,,,,
329,Seishun Buta Yarou (04): Seishun Buta Yarou wa Randoseru Girl no Yume wo Minai (Rascal Does Not Dream of a Knapsack Kid) (Movie),,,,,"Dec 1, 2023",,"Dec 1, 2023",1,,"Drama, Romance, Supernatural, School",,Complete,âœ…,,Illegally,Kusonime,,,,
330,Seishun Buta Yarou (05): Seishun Buta Yarou: Santa Claus no Yume wo Minai (Rascal Does Not Dream of Santa Claus),,,,,"Jul 5, 2025","Sep 27, 2025","Jul 5, 2025  -  Sep 27, 2025",13,,"Drama, Romance, Supernatural, School",,Complete,âœ…,,Legally,Bstation,,,,
331,"Sekai Saikou no Ansatsusha, Isekai Kizoku ni Tensei suru (The World's Finest Assassin Gets Reincarnated in Another World as an Aristocrat)",,,,,,,,,,"Drama, Romance, Supernatural, School",,Complete,âœ…,,Legally,Youtube (Muse Indonesia),,,,
332,Senpai ga Uzai Kouhai no Hanashi,,,,,,,,,,,,Complete,âœ…,,Legally,Bstation,,âœ…,âœ…,
333,Sentai Daishikkaku (Go! Go! Loser Ranger!),,,,,,,,,,,,Watch Later,ğŸ”„,,Illegally,Kusonime,,,,
334,Sentai Red Isekai de Boukensha ni Naru (The Red Ranger Becomes an Adventurer in Another World),,,,,,,,,,,,Watch Later,ğŸ”„,,,,,,,
335,Shakugan no Shana (S1),,,,,,,,,,,,Watching,Eps. 02,,,,,,,
336,"Shangri-La Frontier: Kusoge Hunter, Kamige ni Idoman to su",,,,,,,,,,,,Complete,âœ…,,Legally,Youtube (Muse Indonesia),,,,
337,"Shangri-La Frontier: Kusoge Hunter, Kamige ni Idoman to su (S2)",,,,,,,,,,,,Complete,âœ…,,,,,,,
338,Shigatsu wa Kimi no Uso,,,,,,,,,,,,Complete,âœ…,,,,,,,
339,Shimoneta,,,,,,,,,,,,Complete,âœ…,,,,,,,
340,Shingeki no Kyojin (S1) + OVA,,,,,,,,,,,,Complete (2x),âœ…,,Legally,iQIYI,,,,
341,Shingeki no Kyojin (S2),,,,,,,,,,,,Complete (2x),âœ…,,Legally,iQIYI,,,,
342,Shingeki no Kyojin (S3),,,,,,,,,,,,Complete (2x),âœ…,,Legally,iQIYI,,,,
343,Shingeki no Kyojin The Final Season,,,,,,,,,,,,Complete (2x),âœ…,,Legally,iQIYI,,,,
344,Shingeki no Kyojin The Final Season,,,,,,,,,,,,Complete,âœ…,,Legally,Bstation,,,,
345,"Shinmai Ossan Boukensha, Saikyou Party ni Shinu hodo Kitaerarete Muteki ni Naru.",,,,,,,,,,,,Complete,âœ…,,Legally,Bstation,,,,
346,Shiunji-ke no Kodomotachi (The Shiunji Family Children),,,,,"Apr 8, 2025","Jun 24, 2025","Apr 8, 2025  -  Jun 24, 2025",12,,,,Complete,âœ…,,Legally,Bstation,,,,
347,Shokugeki no Souma (S1) + OVA,,,,,,,,,,"Comedy, Romance",,Complete (2x),âœ…,,Legally,Bstation,,,,
348,Shokugeki no Souma: Gou no Sara (S5),,,,,,,,,,,,Complete (2x),âœ…,,Legally,Bstation,,,,
349,Shokugeki no Souma: Ni no Sara (S2),,,,,,,,,,,,Complete (2x),âœ…,,Legally,Bstation,,,,
350,Shokugeki no Souma: Ni no Sara OVA,,,,,,,,,,,,Complete (2x),âœ…,,Legally,Bstation,,,,
351,Shokugeki no Souma: San no Sara (S3),,,,,,,,,,,,Complete (2x),âœ…,,Legally,Bstation,,,,
352,Shokugeki no Souma: Shin no Sara (S4),,,,,,,,,,,,Complete (2x),âœ…,,Legally,Bstation,,,,
353,Shoukugeki no Souma: San no Sara - Tootsuki Ressha,,,,,,,,,,,,Complete (2x),âœ…,,Legally,Bstation,,,,
354,Si Ge Yongzhe (4 Cut Hero),,,,,"Jul 17, 2023","Sep 11, 2023","Jul 17, 2023  -  Sep 11, 2023",10,,,,Watch Later,ğŸ”„,,Illegally,Anichin,,,,
355,Silent Witch: Chinmoku no Majo no Kakushigoto (Secrets of the Silent Witch) (S1),,,,,"Jul 5, 2025","Oct 5, 2025","Jul 5, 2025  -  Oct 5, 2025",13,,"Action, Adventure, Comedy, Fantasy, Romance, Harem, Parody",,Watching,Eps. 11,,Legally,Bstation,,,,
356,"Slime Taoshite 300-nen, Shiranai Uchi ni Level Max ni Nattemashita",,,,,,,,,,Fantasy,,Watching,Eps. 05,,Legally,Bstation,,,,
357,"Slime Taoshite 300-nen, Shiranai Uchi ni Level Max ni Nattemashita (S2)",,,,,,,,,,,,Watch Later,ğŸ”„,,Legally,Bstation,,,,
358,Sono Bisque Doll wa Koi wo Suru (My Dress-Up Darling) (S1),,,,,,,,,,,,Complete,âœ…,,Illegally,,,,,
359,Sono Bisque Doll wa Koi wo Suru (My Dress-Up Darling) (S2),,,,,,,,,,,,Watch Later,ğŸ”„,,Legally,Bstation,,,,
360,Soredemo Ayumu wa Yosetekuru,,,,,,,,,,,,Complete,âœ…,,,,,,,
361,Sousou no Frieren (Frieren: Beyond Journey's End),,,,,,,,,,,,Complete,âœ…,,Legally,Youtube (Muse Indonesia) and Bstation,,,,
362,"Spy x Family (S1, P1)",,,,,,,,,,,,Complete (2x),âœ…,,Legally,iQIYI,,,,
363,"Spy x Family (S1, P2)",,,,,,,,,,,,Complete,âœ…,,Legally,iQIYI,,,,
364,Spy x Family (S2),,,,,,,,,,,,Complete,âœ…,,Legally,Youtube (Muse Indonesia),,,,
365,Summer Pockets,,,,,,,,,,,,Watch Later,ğŸ”„,,Illegally,Samehadaku,,,,
366,Super Cube,,,,,,,,,,,,Complete,âœ…,,Illegally,Anichin,,,,
367,Sword Art Online (S1),,,,,,,,,,,,Complete,âœ…,,,,,,,
368,Sword Art Online (S2),,,,,,,,,,,,Complete,âœ…,,,,,,,
369,Sword Art Online Alternative: Gun Gale Online,,,,,,,,,,,,Watch Later,ğŸ”„,,,,,,,
370,Sword Art Online Movie: Ordinal Scale,,,,,,,,,,,,Complete,âœ…,,,,,,,
371,Sword Art Online: Alicization (S1),,,,,,,,,,,,Watch Later,ğŸ”„,,,,,,,
372,Sword Art Online: Alicization (S2),,,,,,,,,,,,Watch Later,ğŸ”„,,,,,,,
373,Sword Art Online: Alicization (S3),,,,,,,,,,,,Watch Later,ğŸ”„,,,,,,,
374,Takopii no Genzai (Takopi's Original Sin),,,,,"Jun 28, 2025","Aug 2, 2025","Jun 28, 2025  -  Aug 2, 2025",6,,"Drama, Sci-Fi, Psychological",,Complete,âœ…,,Illegally,Otakudesu,,,,
375,Tales of Zestiria (S1),,,,,,,,,,,,Complete,âœ…,,,,,,,
376,Tales of Zestiria (S2),,,,,,,,,,,,Watch Later,ğŸ”„,,,,,,,
377,"Tantei wa Mou, Shindeiru",,,,,,,,,,,,Watching,Eps. 09,,,,,,,
378,Tasokare Hotel,,,,,,,,,,,,Watching,Eps. 01,,Legally,Bstation,,,,
379,Tate no Yusha,,,,,,,,,,,,Complete,âœ…,,,,,,,
380,Tate no Yusha S2,,,,,,,,,,,,Watch Later,ğŸ”„,,,,,,,
381,Temple (TenPuru: No One Can Live on Loneliness),,,,,"Jul 9, 2023","Sep 24, 2023","Jul 9, 2023  -  Sep 24, 2023",12,,,,Complete,âœ…,,Illegally,Kusonime,,,,
382,Tengoku Daimakyou (Heavenly Delusion),,,,,,,,,,"Comedy, Romance, Ecchi, Harem",,Complete,âœ…,,Illegally,Otakudesu,,,,
383,Tennis no Oujisama (The Prince of Tennis),,,,,,,,,,,,Watching,Eps. 11,,Illegally,Kusonime,,,,
384,Tensei Kenja no Isekai Life,,,,,,,,,,,,Complete,âœ…,,,,,,,
385,"Tensei Kizoku, Kantei Skill de Nariagaru (As a Reincarnated Aristocrat, I'll Use My Appraisal Skill to Rise in the World)",,,,,,,,,,,,Watch Later,ğŸ”„,,Legally,Bstation,,,,
386,"Tensei Kizoku, Kantei Skill de Nariagaru (As a Reincarnated Aristocrat, I'll Use My Appraisal Skill to Rise in the World)",,,,,,,,,,,,Watch Later,ğŸ”„,,Legally,Bstation,,,,
387,"Tensei shitara Dainana Ouji Datta node, Kimama ni Majutsu wo Kiwamemasu (I Was Reincarnated as the 7th Prince so I Can Take My Time Perfecting My Magical Ability) (S1)",,,,,"Apr 2, 2024","Jun 18, 2024","Apr 2, 2024  -  Jun 18, 2024",12,,,,Complete,âœ…,,Legally,Bstation,,,,
388,"Tensei shitara Dainana Ouji Datta node, Kimama ni Majutsu wo Kiwamemasu (I Was Reincarnated as the 7th Prince so I Can Take My Time Perfecting My Magical Ability) (S2)",,,,,"Jul 10, 2025",On going,"Jul 10, 2025  -  On going",Unknown,,"Adventure, Fantasy",,Watching,Eps. 23,,Legally,Bstation,,,,
389,Tensei Shitara Ken Deshita (S1),,,,,,,,,,"Adventure, Fantasy",,Complete,âœ…,,Illegally,,Watch Later in Bstation legally,,,
390,Tensei Shitara Slime Datta Ken (S1),,,,,,,,,,"Adventure, Fantasy",,Complete (2x),âœ…,,Legally,iQIYI,,,,
391,Tensei Shitara Slime Datta Ken (S2),,,,,,,,,,,,Complete (2x),âœ…,,Legally,iQIYI,,,,
392,Tensei Shitara Slime Datta Ken (S3),,,,,,,,,,,,Complete,âœ…,,Legally,Bstation,,,,
393,Tensei Shitara Slime Datta Ken Movie: Guren no Kizuna,,,,,,,,,,,,Complete,âœ…,,Legally,iQIYI,,,,
394,Tensei Shitara Slime Datta Ken: Tensura Nikki,,,,,,,,,,,,Complete,âœ…,,Legally,iQIYI,,,,
395,Tokidoki Bosotto Russia-go de Dereru Tonari no Alya-san (Alya Sometimes Hides Her Feelings in Russian),,,,,,,,,,,,Complete,âœ…,,Legally,Bstation,,âœ…,,
396,Tokyo Revenger (S1),,,,,,,,,,,,Complete,âœ…,,Legally,Bstation,,,,
397,Tondemo Skill de Isekai Hourou Meshi (Campfire Cooking in Another World with My Absurd Skill),,,,,"Jan 11, 2023","Mar 29, 2023","Jan 11, 2023  -  Mar 29, 2023",12,,,,Watch Later,ğŸ”„,,Illegally,Kusonime,,,,
398,Tougen Anki: Legend of the Cursed Blood,,,,,"Jun 11, 2020",On going,,Unknown,,"Adventure, Comedy, Fantasy, Gourmet, Isekai",,Watch Later,ğŸ”„,,Illegally,Otakudesu,,,,
399,Tsue to Tsurugi no Wistoria (Wistoria: Wand and Sword),,,,,,,,,,,,Complete,âœ…,,Legally,Bstation,,,,
400,Tsuihousha Shokudou e Youkoso! (Welcome to the Outcast's Restaurant!),,,,,,,,,,"Action, Fantasy",,Watch Later,ğŸ”„,,Legally,Bstation,,,,
401,Tu Bian Yingxiong X (To be Hero X),,,,,"Apr 6, 2025","Sep 14, 2025","Apr 6, 2025  -  Sep 14, 2025",24,,,,Complete,âœ…,,Legally,Bstation,,,,
402,Turkey! Time to Strike,,,,,"Jul 9, 2025",On going,,Unknown,,Action,,Watching,Eps. 01,,Illegally,Moenime,,,,
403,Undead Unluck,,,,,,,,,,,,Watch Later,ğŸ”„,,,Samehadaku,,,,
404,"Ushinawareta Mirai o Motomete, Ã€ la recherche du futur perdu, Waremete (In Search of the Lost Future)",,,,,,,,,,Sports,,Complete,âœ…,,,,,,,
405,Vinland Saga,,,,,,,,,,,,Complete,âœ…,,,,,,,
406,Vivy: Fluorite Eye's Song,,,,,,,,,,,,Watch Later,ğŸ”„,,,,,,,
407,Wind Breaker,,,,,,,,,,,,Watch Later,ğŸ”„,,Legally,Bstation,,,,
408,Witch Watch,,,,,,,,,,,,Watch Later,ğŸ”„,,Legally,Bstation,,,,
409,Yahari Ore no Seishun Love Comedy wa Machigatteiru. (My Teen Romantic Comedy SNAFU),,,,,,,,,,,,Watch Later,ğŸ”„,,,,,,,
410,Yakuskou no Neverland (S1),,,,,,,,,,,,Complete,âœ…,,Illegally,,,,,
411,Yakuskou no Neverland (S2),,,,,,,,,,,,Complete,âœ…,,Illegally,,,,,
412,Yosuga no Sora,,,,,,,,,,,,Complete,âœ…,,Illegally,,,,,
413,Youjo Senki (Saga of Tanya the Evil) + OVA,,,,,"Jan 6, 2017","Mar 31, 2017","Jan 6, 2017  -  Mar 31, 2017",12,,"Isekai, Sci-Fi",,Complete (2x),âœ…,,Illegally,Kusonime,,,,
414,Youjo Senki Movie (Saga of Tanya the Evil: The Movie),,,,,"Feb 8, 2019",,"Feb 8, 2019",1,,"Isekai, Sci-Fi",,Complete,âœ…,,Illegally,Kusonime,,,,
415,Youkoso Jitsuryoku Shijou Shugi no Kyoushitsu e,,,,,,,,,,"Action, Sports, Super Power, Romance, Suspense",,Complete (2x),âœ…,,Legally,Bstation,,,,
416,Youkoso Jitsuryoku Shijou Shugi no Kyoushitsu e (S2),,,,,,,,,,,,Complete (2x),âœ…,,Legally,Bstation,,,,
417,Youkoso Jitsuryoku Shijou Shugi no Kyoushitsu e (S3),,,,,,,,,,,,Complete,âœ…,,Legally,Bstation,,,,
418,Yowamushi Pedal (S1),,,,,,,,,,,,Watching,Eps. 07,,,,,,,
419,Yozakura Quartet,,,,,"Oct 3, 2008","Dec 19, 2008","Oct 3, 2008  -  Dec 19, 2008",12,,"Action, Comedy, Fantasy",,Watch Later,ğŸ”„,,Illegally,Kusonime,,,,
420,Yozakura-san Chi no Daisakusen,,,,,,,,,,,,Complete (5x),âœ…,,Illegally,,,âœ…,âœ…,
421,Yuru Campâ–³ (Laid-Back Camp),,,,,,,,,,,,Watching,Eps. 02,,Illegally,Otakudesu,,,,
422,Oroka na Tenshi wa Akuma to Odoru (The Foolish Angel Dances with the Devil),TV,Manga,Children's Playground Entertainment,Winter 2024,"Jan 9, 2024","Mar 26, 2024","Jan 9, 2024  -  Mar 26, 2024",12,23 min.,"Comedy, Romance, Supernatural, Mythology, School",Seinen,Watching,Eps. 01,,Illegally,Kusonime,,,,